-- CREATE DATABASE

CREATE DATABASE VANSH;
USE VANSH;

-- CREATE TABLES

CREATE TABLE CUSTOMER (
      CUSTOMER_ID INT AUTO_INCREMENT PRIMARY KEY ,
      CUSTOMER_NAME VARCHAR(100),
      EMAIL VARCHAR(100) UNIQUE,
      GENDER ENUM('MALE', 'FEMALE', 'OTHER'),
      CITY VARCHAR(100),
      STATE VARCHAR(100),
      JOIN_DATE DATE
      );
      
CREATE TABLE PRODUCT (
      PRODUCT_ID INT AUTO_INCREMENT PRIMARY KEY,
      PRODUCT_NAME VARCHAR(100),
      CATEGORY VARCHAR(100),
      PRICE DECIMAL(10,2),
      STOCK_QUANTITY INT
      );
      
CREATE TABLE ORDERS (
      ORDERS_ID INT AUTO_INCREMENT PRIMARY KEY,
      CUSTOMER_ID INT,
      ORDER_DATE DATE,
      TOTAL_AMOUNT INT,
      PAYMENT_MATHOD VARCHAR(100),
      ORDER_STATUS VARCHAR(50),
      FOREIGN KEY (CUSTOMER_ID) REFERENCES CUSTOMER(CUSTOMER_ID)
      );
      
CREATE TABLE ORDERS_ITEM (
      ORDER_ITEM_ID INT AUTO_INCREMENT PRIMARY KEY,
      ORDERS_ID INT,
      PRODUCT_ID INT,
      QUANTITY INT,
      ITEM_PRICE DECIMAL(10,2),
      FOREIGN KEY (ORDERS_ID) REFERENCES ORDERS(ORDERS_ID),
      FOREIGN KEY (PRODUCT_ID) REFERENCES PRODUCT(PRODUCT_ID)
      );
      
CREATE TABLE PAYMENTS (
      PAYMENT_IS INT AUTO_INCREMENT PRIMARY KEY,
      ORDERS_ID INT,
      PAYMENT_DATE DATE,
      PAYMENT_METHOD VARCHAR(100),
      PAYMENT_STATUS VARCHAR(100),
      AMOUNT DECIMAL(10,2),
      FOREIGN KEY (ORDERS_ID) REFERENCES ORDERS(ORDERS_ID)
      );
      
-- INSERT DATA INTO TABLES 

INSERT INTO CUSTOMER (CUSTOMER_NAME ,EMAIL ,GENDER ,CITY ,STATE ,JOIN_DATE) VALUES
('VANSH', 'VANSH@123', 'MALE', 'KOTA', 'RAJASTHAN', '2025-01-10' ),
('Aarav Singh', 'aarav@gmail.com', 'MALE', 'Delhi', 'Delhi', '2025-01-15'),
('Priya Verma', 'priya@gmail.com', 'FEMALE', 'Mumbai', 'Maharashtra', '2025-02-01'),
('Ananya Gupta', 'ananya@gmail.com', 'FEMALE', 'Lucknow', 'Uttar Pradesh', '2025-02-10'),
('Rohit Kumar', 'rohit@gmail.com', 'MALE', 'Patna', 'Bihar', '2025-02-20'),
('Sneha Sharma', 'sneha@gmail.com', 'FEMALE', 'Indore', 'Madhya Pradesh', '2025-03-05'),
('Karan Mehta', 'karan@gmail.com', 'MALE', 'Ahmedabad', 'Gujarat', '2025-03-15'),
('Pooja Jain', 'pooja@gmail.com', 'FEMALE', 'Bhopal', 'Madhya Pradesh', '2025-03-25'),
('Rahul Yadav', 'rahul@gmail.com', 'MALE', 'Kanpur', 'Uttar Pradesh', '2025-04-01'),
('Neha Agarwal', 'neha@gmail.com', 'FEMALE', 'Chandigarh', 'Punjab', '2025-04-10');

INSERT INTO PRODUCT (PRODUCT_NAME , CATEGORY , PRICE , STOCK_QUANTITY) VALUES 
('Laptop', 'Electronics', 55000, 20),
('Smartphone', 'Electronics', 25000, 50),
('Headphones', 'Electronics', 2000, 100),
('Keyboard', 'Electronics', 1500, 80),
('Mouse', 'Electronics', 800, 120),
('T-Shirt', 'Clothing', 700, 150),
('Jeans', 'Clothing', 1500, 100),
('Shoes', 'Footwear', 2500, 75),
('Backpack', 'Accessories', 1200, 60),
('Water Bottle', 'Accessories', 500, 200);

INSERT INTO ORDERS (CUSTOMER_ID , ORDER_DATE, TOTAL_AMOUNT , PAYMENT_MATHOD, ORDER_STATUS) VALUES
(1,'2026-06-01',55000,'UPI','Delivered'),
(2,'2026-06-02',25000,'Card','Delivered'),
(3,'2026-06-03',2000,'Cash','Delivered'),
(4,'2026-06-04',1500,'UPI','Pending'),
(5,'2026-06-05',800,'Card','Delivered'),
(6,'2026-06-06',700,'Cash','Cancelled'),
(7,'2026-06-07',1500,'UPI','Delivered'),
(8,'2026-06-08',2500,'Card','Pending'),
(9,'2026-06-09',1200,'UPI','Delivered'),
(10,'2026-06-10',500,'Cash','Delivered');

INSERT INTO ORDERS_ITEM (ORDERS_ID , PRODUCT_ID , QUANTITY , ITEM_PRICE) VALUES
(1,1,1,55000),
(2,2,1,25000),
(3,3,2,1000),
(4,4,1,1500),
(5,5,2,400),
(6,6,1,700),
(7,7,1,1500),
(8,8,1,2500),
(9,9,2,600),
(10,10,1,500);

INSERT INTO PAYMENTS (ORDERS_ID , PAYMENT_DATE , PAYMENT_METHOD , PAYMENT_STATUS,AMOUNT ) VALUES
(1,'2026-06-01','UPI','Paid',55000),
(2,'2026-06-02','Card','Paid',25000),
(3,'2026-06-03','Cash','Paid',2000),
(4,'2026-06-04','UPI','Pending',1500),
(5,'2026-06-05','Card','Paid',800),
(6,'2026-06-06','Cash','Refunded',700),
(7,'2026-06-07','UPI','Paid',1500),
(8,'2026-06-08','Card','Pending',2500),
(9,'2026-06-09','UPI','Paid',1200),
(10,'2026-06-10','Cash','Paid',500);


-- SHOW ALL TABLES

SELECT * FROM CUSTOMER;
SELECT * FROM PRODUCT;
SELECT * FROM ORDERS;
SELECT * FROM ORDERS_ITEM;
SELECT * FROM PAYMENTS;


-- BASIC SQL ANALYSIS QUERIES 

SELECT COUNT(*) AS TOTAL_PRODUCTS FROM PRODUCT;
SELECT COUNT(*) AS TOTAL_ORDERS FROM ORDERS;
SELECT SUM(AMOUNT) AS REVENUE FROM PAYMENTS;
SELECT COUNT(ORDER_STATUS) AS DELIVERD_OUDER FROM ORDERS WHERE ORDER_STATUS = 'DELIVERED';
SELECT COUNT(ORDER_STATUS) AS DELIVERD_OUDER FROM ORDERS WHERE ORDER_STATUS = 'PENDING';
SELECT SUM(AMOUNT) AS UPI_AMOUNT FROM PAYMENTS WHERE PAYMENT_METHOD = 'UPI';
SELECT SUM(AMOUNT) AS CARD_AMOUNT FROM PAYMENTS WHERE PAYMENT_METHOD = 'CARD';
SELECT SUM(AMOUNT) AS CARD_AMOUNT FROM PAYMENTS WHERE PAYMENT_METHOD = 'CASH';
SELECT PAYMENT_METHOD, SUM(AMOUNT) AS REVENUE FROM PAYMENTS GROUP BY PAYMENT_METHOD ;
SELECT PRODUCT_NAME,PRICE FROM PRODUCT ORDER BY PRICE DESC;
SELECT COUNT(*) AS TOTAL_CUSTOMER FROM CUSTOMER;
SELECT ORDERS_ID, TOTAL_AMOUNT FROM ORDERS ORDER BY TOTAL_AMOUNT DESC;
SELECT AVG(TOTAL_AMOUNT) AS AVG_AMOUNT FROM ORDERS;


-- JOIN QUERIES
SELECT CUSTOMER.CUSTOMER_NAME , ORDERS.ORDER_DATE ,ORDERS.TOTAL_AMOUNT FROM CUSTOMER INNER JOIN ORDERS ON CUSTOMER.CUSTOMER_ID = ORDERS.CUSTOMER_ID;
SELECT PRODUCT.PRODUCT_NAME , ORDERS_ITEM.QUANTITY FROM PRODUCT INNER JOIN ORDERS_ITEM ON PRODUCT.PRODUCT_ID = ORDERS_ITEM.PRODUCT_ID;
SELECT CUSTOMER.CUSTOMER_NAME , ORDERS.PAYMENT_MATHOD FROM CUSTOMER INNER JOIN ORDERS ON CUSTOMER.CUSTOMER_ID = ORDERS.CUSTOMER_ID ;
SHOW COLUMNS FROM ORDERS;


-- PORTFOLIO LEVEL QUERIES

SELECT PRODUCT.PRODUCT_NAME , SUM(ORDERS_ITEM.QUANTITY) AS TOTAL_SOLD FROM PRODUCT 
INNER JOIN ORDERS_ITEM ON PRODUCT.PRODUCT_ID = ORDERS_ITEM.PRODUCT_ID 
GROUP BY PRODUCT.PRODUCT_NAME ORDER BY TOTAL_SOLD DESC;

SELECT PAYMENT_MATHOD , SUM(TOTAL_AMOUNT) AS REVENUE FROM ORDERS GROUP BY PAYMENT_MATHOD;

SELECT ORDER_STATUS ,COUNT(*) AS TOTAL_ORDER FROM ORDERS GROUP BY ORDER_STATUS;

SELECT CUSTOMER_NAME , SUM(ORDERS.TOTAL_AMOUNT) AS TOTAL_SPENT FROM CUSTOMER 
INNER JOIN ORDERS ON CUSTOMER.CUSTOMER_ID = ORDERS.CUSTOMER_ID 
GROUP BY CUSTOMER_NAME ORDER BY TOTAL_SPENT DESC;

SELECT CUSTOMER.CUSTOMER_NAME , AVG(ORDERS.TOTAL_AMOUNT) AS AVG_SPENT FROM CUSTOMER INNER JOIN
ORDERS ON CUSTOMER.CUSTOMER_ID = ORDERS.CUSTOMER_ID GROUP BY CUSTOMER_NAME ORDER BY AVG_SPENT DESC;